<?xml version="1.0" encoding="UTF-8"?>
<project-private xmlns="http://www.netbeans.org/ns/project-private/1">
    <editor-bookmarks xmlns="http://www.netbeans.org/ns/editor-bookmarks/2" lastBookmarkId="0"/>
    <open-files xmlns="http://www.netbeans.org/ns/projectui-open-files/2">
        <group>
            <file>file:/H:/Java/TaxApp%20(1)/TaxApp%20(1)/TaxApp/src/taxapp/entitelement.java</file>
            <file>file:/H:/Java/TaxApp%20(1)/TaxApp%20(1)/TaxApp/src/taxapp/TaxApp.java</file>
            <file>file:/H:/Java/TaxApp%20(1)/TaxApp%20(1)/TaxApp/src/taxapp/entitelementGUI.java</file>
            <file>file:/H:/Java/TaxApp%20(1)/TaxApp%20(1)/TaxApp/src/taxapp/tax.java</file>
            <file>file:/H:/Java/TaxApp%20(1)/TaxApp%20(1)/TaxApp/src/taxapp/formGUI.java</file>
            <file>file:/H:/Java/TaxApp%20(1)/TaxApp%20(1)/TaxApp/src/taxapp/taxGUI.java</file>
        </group>
    </open-files>
</project-private>
